positionx,positiony,positionz,velocityx,velocityy,velocityz
59210.22258096852,-25066.09307745406,17302.285043853848,-109.06882305671148,98.0790858414519,0.1629474250529115
59201.49707512398,-25058.246750586746,17302.29807964785,-109.06882305671148,98.0790858414519,0.1629474250529115
59192.771569279445,-25050.40042371943,17302.311115441855,-109.23832039035504,98.23150468187232,0.0029474250529114843
59184.03250364822,-25042.54190334488,17302.311351235858,-109.39121112675655,98.36899020009496,-0.22474580895861207
59175.281206758074,-25034.672384128873,17302.29337157114,-110.89399360497843,99.72035283106345,-0.4661899013893398
59166.409687269675,-25026.694755902387,17302.256076379028,-111.91836172032649,100.6415059663295,-0.7496871890962928
59157.45621833205,-25018.64343542508,17302.1961014039,-112.51252013499239,101.17579718285008,-1.0540358106843015
59148.45521672125,-25010.549371650453,17302.111778539045,-112.6356875277475,101.28655427134103,-1.2278778959382886
59139.44436171903,-25002.446447308746,17302.013548307372,-113.36827676469173,101.94532806795031,-1.4715855264424307
59130.37489957786,-24994.29082106331,17301.895821465256,-113.64446342380431,102.19368625398559,-1.7199330077720116
59121.28334250396,-24986.11532616299,17301.758226824633,-113.81939085300128,102.35098805539324,-1.9382342203319873
59112.177791235714,-24977.92724711856,17301.603168087007,-114.01759779323778,102.52922373228984,-2.0192638311471485
59103.05638341225,-24969.724909219978,17301.441626980515,-114.14721940703357,102.64578471672233,-2.1226895925177005
59093.92460585969,-24961.51324644264,17301.271811813112,-114.18552852185854,102.68023381827241,-2.156345980909852
59084.789763577945,-24953.298827737177,17301.09930413464,-115.32793710375033,103.70753370314526,-2.2984173220347204
59075.563528609644,-24945.002225040924,17300.91543074888,-115.78541408977536,104.11891546491147,-2.5647301578301747
59066.30069548246,-24936.67271180373,17300.710252336252,-116.75286761500112,104.98888870464191,-2.9108769135296853
59056.96046607326,-24928.273600707358,17300.47738218317,-118.01470982389495,106.12358812520974,-3.278133648751126
59047.519289287346,-24919.78371365734,17300.21513149127,-118.16461917570189,106.25839266212735,-3.587137020401571
59038.06611975329,-24911.28304224437,17299.92816052964,-118.8797477797973,106.90146515326703,-3.8098286486060973
59028.555739930904,-24902.73092503211,17299.623374237748,-120.15524574637291,108.04844438205471,-4.158941793958335
59018.943320271195,-24894.087049481543,17299.29065889423,-120.99294182743114,108.80173449320257,-4.415649403239062
59009.263884925,-24885.382910722088,17298.937406941972,-121.21396053065524,109.0004834276695,-4.599606681522044
58999.56676808255,-24876.662872047873,17298.56943840745,-122.16427481852605,109.85504437372441,-4.779234584644504
58989.79362609707,-24867.874468497976,17298.187099640676,-122.2298720001274,109.91403200579862,-4.959706106529658
58980.01523633706,-24859.081345937513,17297.790323152152,-122.72958482689458,110.36339393947502,-5.18576919795221
58970.196869550906,-24850.252274422353,17297.375461616317,-123.94668918216823,111.45786327721436,-5.462319145052556
58960.281134416335,-24841.335645360177,17296.938476084713,-125.45667920905292,112.81570722671361,-5.874790694232034
58950.24460007961,-24832.31038878204,17296.468492829175,-126.50051748253998,113.75436871366021,-6.251730624356385
58940.12455868101,-24823.210039284946,17295.968354379227,-127.1965268510316,114.38024841682021,-6.495908288142977
58929.94883653293,-24814.0596194116,17295.448681716174,-128.75251429897062,115.77945510299928,-6.709003666346037
58919.648635389014,-24804.797263003362,17294.911961422866,-130.1109509440048,117.00101613744084,-6.788294047836934
58909.239759313496,-24795.43718171237,17294.36889789904,-131.6489113441486,118.38401217497966,-6.987813261769847
58898.70784640597,-24785.96646073837,17293.809872838097,-133.12115024215254,119.70790878640064,-7.176483451749195
58888.05815438659,-24776.38982803546,17293.235754161957,-134.5322513364899,120.97682781829043,-7.4344061632541445
58877.29557427967,-24766.711681809997,17292.641001668897,-135.42871287193236,121.78296219678741,-7.848321990090032
58866.46127724992,-24756.969044834255,17292.01313590969,-136.20348529136476,122.47966881288052,-8.18499748589923
58855.564998426606,-24747.170671329226,17291.358336110818,-136.85306535554594,123.06379741251337,-8.529607942285596
58844.61675319816,-24737.325567536223,17290.675967475436,-137.48569690816214,123.63268522679547,-8.920554954446525
58833.61789744551,-24727.43495271808,17289.96232307908,-139.14689731631378,125.12650365139004,-9.187527088866211
58822.48614566021,-24717.424832425968,17289.22732091197,-140.5177984178,126.35927322792519,-9.56264937476811
58811.24472178678,-24707.316090567732,17288.46230896199,-141.1295402873712,126.90937619646357,-9.891361792793008
58799.954358563795,-24697.163340472016,17287.671000018567,-141.89584205074644,127.59846565689953,-10.295063148078103
58788.60269119973,-24686.955463219463,17286.84739496672,-143.4094942830054,128.95960280921517,-10.828087284311735
58777.129931657095,-24676.638694994726,17285.981147983977,-144.60403618903274,130.03378308235838,-11.23951583171538
58765.56160876197,-24666.235992348138,17285.08198671744,-144.87326923677222,130.27588830051835,-11.702851893070575
58753.971747223026,-24655.813921284098,17284.145758565995,-145.48217012022923,130.82343653972933,-12.20184472624541
58742.333173613406,-24645.34804636092,17283.169610987898,-146.56381019878282,131.79609093482492,-12.61015790318027
58730.608068797505,-24634.804359086134,17282.160798355642,-146.58929076845862,131.81900409103662,-12.957807315243402
58718.880925536025,-24624.25883875885,17281.124173770422,-147.53270087546798,132.66735651912646,-13.329790220382597
58707.078309465986,-24613.64545023732,17280.05779055279,-147.67449969854755,132.79486774141043,-13.56531306827959
58695.2643494901,-24603.021860818008,17278.972565507327,-147.9896284700298,133.0782442459249,-13.857824171277587
58683.4251792125,-24592.375601278334,17277.863939573625,-148.26908738821982,133.3295449793349,-14.15698724897057
58671.56365222144,-24581.70923767999,17276.73138059371,-148.30955040554858,133.365930956911,-14.550825771096033
58659.698888189,-24571.039963203435,17275.56731453202,-148.56027449745113,133.5913921752781,-14.890808188504815
58647.814066229206,-24560.352651829413,17274.37604987694,-149.21429483339745,134.17951364641544,-15.104505668507414
58635.876922642536,-24549.6182907377,17273.16768942346,-150.46706209126552,135.30605250491138,-15.425543251980368
58623.83955767524,-24538.79380653731,17271.9336459633,-151.62311798141866,136.34562459994436,-15.68381746852127
58611.709708236725,-24527.886156569315,17270.67894056582,-151.9608492116332,136.64932614719885,-16.030941680957632
58599.552840299795,-24516.95421047754,17269.396465231344,-152.68647616125045,137.3018391741651,-16.45162816906395
58587.3379222069,-24505.970063343608,17268.080334977818,-153.49546294742066,138.02931272913446,-16.992302633422163
58575.05828517111,-24494.927718325278,17266.720950767143,-153.51543829005155,138.0472753630907,-17.66938284730408
58562.77705010791,-24483.88393629623,17265.307400139358,-154.78153730709647,139.18580267727984,-18.39158266317903
58550.39452712334,-24472.74907208205,17263.836073526305,-155.46046398448672,139.79632093543677,-19.145406796422964
58537.95769000458,-24461.565366407216,17262.304440982592,-156.89476483887836,141.08610212751216,-19.837615655833254
58525.40610881747,-24450.278478237014,17260.717431730125,-157.50708666138289,141.63672661312515,-20.643930872716844
58512.80554188456,-24438.947540107965,17259.06591726031,-158.84973082333235,142.8440864096629,-21.581145240913994
58500.0975634187,-24427.520013195193,17257.339425641036,-159.88359776001516,143.77378126828285,-22.42777357884047
58487.3068755979,-24416.01811069373,17255.54520375473,-160.29781562483436,144.14626268306387,-23.129204070721798
58474.48305034791,-24404.486409679084,17253.694867429072,-161.00106113157761,144.77864941366627,-23.728870840788858
58461.60296545739,-24392.90411772599,17251.79655776181,-162.02322438030035,145.69781984391219,-24.245886304091524
58448.64110750696,-24381.248292138476,17249.85688685748,-162.60366742408056,146.21977764561498,-24.715716775870494
58435.632814113036,-24369.55070992683,17247.87962951541,-163.1005966126254,146.6666364195019,-25.26140834047057
58422.584766384025,-24357.817379013268,17245.85871684817,-164.64780356369624,148.05794732866673,-25.69377436099357
58409.41294209893,-24345.972743226976,17243.803214899293,-165.6983850706295,149.00267260316954,-26.08556721348646
58396.15707129327,-24334.05252941872,17241.716369522215,-166.4030705560735,149.6363542207125,-26.419252560763237
58382.84482564879,-24322.081621081063,17239.602829317355,-166.42538323972838,149.65641868601256,-26.634566515807748
58369.53079498961,-24310.10910758618,17237.47206399609,-166.52443654883254,149.74549141765334,-26.81314454035183
58356.2088400657,-24298.129468272768,17235.327012432863,-167.08209926513572,150.2469642298651,-26.94956066032122
58342.84227212449,-24286.109711134377,17233.171047580036,-167.16831166109168,150.3244898943638,-27.037960011335787
58329.4688071916,-24274.083751942828,17231.00801077913,-168.73217011612502,151.73077450766107,-27.180161224238407
58315.97023358231,-24261.945289982214,17228.83359788119,-169.45800273951326,152.38347248477967,-27.219872055728022
58302.41359336315,-24249.75461218343,17226.65600811673,-169.7959256288251,152.68734637962655,-27.27465281291844
58288.82991931284,-24237.539624473062,17224.474035891697,-170.3777002415664,153.21050158185847,-27.404720100404944
58275.19970329352,-24225.282784346513,17222.281658283664,-171.08276390186373,153.84452326948622,-27.5371265444475
58261.513082181365,-24212.975222484954,17220.07868816011,-172.73512673925006,155.33039459391568,-27.752715372864603
58247.69427204222,-24200.54879091744,17217.85847093028,-173.51071122201307,156.02783145011662,-28.05814105082558
58233.81341514446,-24188.06656440143,17215.613819646216,-174.4619797668548,156.88325050253724,-28.451360713767322
58219.85645676311,-24175.515904361226,17213.337710789114,-174.8256922617708,157.21031545116995,-28.944955056331494
58205.87040138217,-24162.93907912513,17211.022114384607,-176.33738053143122,158.56968652908512,-29.324537573378436
58191.76341093965,-24150.253504202807,17208.676151378735,-177.02068201144883,159.18413878625665,-29.563980058819055
58177.60175637874,-24137.518773099906,17206.31103297403,-178.4590685787324,160.47759401619385,-29.65666447819486
58163.32503089244,-24124.680565578612,17203.938499815773,-178.8537051032624,160.83246709981944,-29.774880482626433
58149.016734484176,-24111.813968210627,17201.556509377162,-179.85490905088147,161.7327900809547,-29.83487226611432
58134.62834176011,-24098.87534500415,17199.169719595873,-181.05227542113414,162.8095102262763,-30.033059589491714
58120.14415972642,-24085.85058418605,17196.767074828713,-181.2215399180227,162.96171969049334,-30.297039831149068
58105.64643653298,-24072.81364661081,17194.34331164222,-181.74092963436115,163.42877587709435,-30.59739462532815
58091.10716216223,-24059.739344540645,17191.895520072194,-182.74028916128444,164.3274402807307,-30.887730740529936
58076.48793902933,-24046.593149318185,17189.42450161295,-182.9709461171742,164.53485632082933,-31.020168013495443
58061.850263339955,-24033.43036081252,17186.94288817187,-183.41702239748963,164.93598610808434,-31.143385560751923
58047.176901548155,-24020.23548192387,17184.45141732701,-184.85678757437753,166.2306810393948,-31.369517347083974
58032.38835854221,-24006.93702744072,17181.941855939243,-184.95040810360578,166.31486839619723,-31.528737695521137
58017.59232589392,-23993.631837969024,17179.419556923604,-185.9397980203845,167.20456772418896,-31.620676538657733
58002.717142052294,-23980.25547255109,17176.88990280051,-186.42602191646512,167.64179986720987,-31.715068903058402
57987.803060298975,-23966.844128561712,17174.352697288265,-186.72848101927573,167.91378329452408,-31.907386949166767
57972.864781817436,-23953.41102589815,17171.80010633233,-187.94478256561732,169.0075307140841,-32.107056254059756
57957.82919921219,-23939.890423441022,17169.231541832007,-189.08701736817588,170.03467432956975,-32.367191959342414
57942.702237822734,-23926.287649494658,17166.64216647526,-189.64700166494188,170.5382348005929,-32.64287946517279
57927.530477689535,-23912.64459071061,17164.030736118046,-190.18642059577695,171.02330206490518,-32.96076869561595
57912.31556404187,-23898.96272654542,17161.393874622398,-191.50286042359292,172.2070978670322,-33.43615256009735
57896.99533520798,-23885.186158716057,17158.71898241759,-191.98884568380691,172.6441154190546,-33.96198717421968
57881.63622755328,-23871.374629482532,17156.002023443652,-192.95496499822136,173.5128888825976,-34.33894317618184
57866.19983035342,-23857.493598371926,17153.254907989558,-194.54597551907162,174.94358972886957,-34.72709312631949
57850.6361523119,-23843.498111193618,17150.476740539452,-195.91372761867567,176.17352759587249,-34.9807449634825
57834.9630541024,-23829.404228985946,17147.678280942375,-197.46959488360213,177.57262620863816,-35.209564568340994
57819.165486511716,-23815.198418889257,17144.86151577691,-197.99102074381207,178.04151337795227,-35.40512312204039
57803.32620485221,-23800.95509781902,17142.029105927148,-199.635016393658,179.5198605897891,-35.49448730490871
57787.355403540714,-23786.593508971837,17139.189546942755,-199.76354730265652,179.63544076846574,-35.53097107516802
57771.3743197565,-23772.22267371036,17136.347069256743,-199.78929442867215,179.65859362289183,-35.5309830620974
57755.3911762022,-23757.849986220528,17133.504590611774,-200.58571443756682,180.3747666247552,-35.615982577003365
57739.344319047195,-23743.420004890548,17130.655312005612,-201.9327579169245,181.5860824649875,-35.625912264073825
57723.189698413844,-23728.89311829335,17127.805239024485,-203.0917222860898,182.62826998168458,-35.62900690176301
57706.94236063096,-23714.282856694812,17124.954918472344,-204.0313068751487,183.47318234970103,-35.78385315683263
57690.61985608094,-23699.605002106837,17122.0922102198,-205.51917873626746,184.81113675223338,-35.88679644009442
57674.17832178204,-23684.820111166657,17119.22126650459,-206.9341479209603,186.08353412702067,-36.035853138314984
57657.623589948365,-23669.933428436496,17116.338398253527,-207.37026631433383,186.4757093806078,-36.15608987669193
57641.03396864322,-23655.015371686048,17113.44591106339,-208.48728764751326,187.48018002724413,-36.159139501833245
57624.35498563142,-23640.016957283868,17110.553179903243,-208.80170164372333,187.76291377699778,-36.25492882156348
57607.65084949992,-23624.99592418171,17107.65278559752,-209.82928014379297,188.6869538197216,-36.31750486349456
57590.864507088416,-23609.900967876132,17104.74738520844,-210.58287620489693,189.3646178000908,-36.330480614345916
57574.017876992024,-23594.751798452126,17101.840946759294,-210.62210887720755,189.39989740179092,-36.3660438235225
57557.16810828185,-23579.599806659982,17098.931663253414,-211.9397820976097,190.58480232029004,-36.37308674664533
57540.21292571404,-23564.35302247436,17096.02181631368,-212.19430787964322,190.81368217179397,-36.53068400740896
57523.23738108367,-23549.087927900615,17093.09936159309,-213.74294938666043,192.20628309153986,-36.725727752632636
57506.13794513274,-23533.711425253292,17090.16130337288,-214.2705302868417,192.68070512110816,-37.055858039186
57488.99630270979,-23518.296968843602,17087.196834729744,-215.23671370975066,193.54953623359575,-37.51687791655052
57471.77736561301,-23502.813005944914,17084.19548449642,-215.291031879117,193.59838132284057,-37.83747730481197
57454.55408306268,-23487.325135439085,17081.168486312035,-215.34751572084454,193.64917387204198,-38.026713582392794
57437.32628180501,-23471.83320152932,17078.126349225444,-215.73664560496763,193.99909516246004,-38.07317765440173
57420.06735015661,-23456.313273916323,17075.08049501309,-216.889509559358,195.0357969400833,-38.241081262255186
57402.71618939187,-23440.710410161115,17072.02120851211,-218.01288390822728,196.04598047472678,-38.353810800971665
57385.27515867921,-23425.026731723137,17068.95290364803,-219.2322703831663,197.14250198653647,-38.35432773197231
57367.736577048556,-23409.255331564214,17065.884557429472,-220.2616030555557,198.06811945177853,-38.42811885458831
57350.11564880411,-23393.409882008073,17062.810307921103,-221.27208374379,198.9767844523253,-38.522048801837876
57332.41388210461,-23377.491739251887,17059.728544016954,-221.95095786618003,199.58725545090581,-38.68492935646906
57314.65780547531,-23361.524758815816,17056.633749668435,-222.35102804460573,199.9470146953236,-38.84059078378334
57296.86972323174,-23345.52899764019,17053.526502405733,-223.72874640584547,201.18591462685688,-38.865301490527486
57278.97142351927,-23329.43412447004,17050.41727828649,-224.15090948617706,201.5655406999594,-39.03471713731497
57261.03935076038,-23313.308881214045,17047.29450091551,-225.1368615931076,202.45214861064457,-39.283739072610686
57243.02840183293,-23297.112709325193,17044.1518017897,-226.13578561240087,203.35042138825042,-39.59814747110885
57224.93753898394,-23280.84467561413,17040.983949992013,-227.079249857494,204.1988224994893,-39.778860556132585
57206.77119899534,-23264.508769814172,17037.801641147522,-227.70926249355387,204.76535527834935,-40.04017540429265
57188.55445799585,-23248.127541391903,17034.59842711518,-229.08349235781924,206.00111821266734,-40.39036536501886
57170.22777860722,-23231.64745193489,17031.36719788598,-229.67242612908277,206.5307112190634,-40.60162382470272
57151.85398451689,-23215.124995037364,17028.119067980002,-230.34075379105005,207.13169841495736,-40.668555306599856
57133.42672421361,-23198.554459164166,17024.865583555475,-231.7941742051086,208.43867268642305,-40.871276456488395
57114.8831902772,-23181.879365349254,17021.595881438956,-232.3909481040378,208.9753158519093,-41.17768864756898
57096.291914428875,-23165.1613400811,17018.30166634715,-233.18319853234513,209.68773939869573,-41.6201673470516
57077.63725854629,-23148.386320929203,17014.972052959387,-233.35118807087508,209.83880236892122,-42.13943707354785
57058.96916350062,-23131.59921673969,17011.600897993503,-234.02450812139008,210.44427892200454,-42.63021639982824
57040.24720285091,-23114.76367442593,17008.19048068152,-234.89045114386803,211.2229698224396,-43.084765801480046
57021.4559667594,-23097.865836840134,17004.7436994174,-235.43839815916962,211.71570588435154,-43.57956417845751
57002.620894906664,-23080.928580369386,17001.257334283124,-235.76320105192656,212.00778174899796,-44.03938327365224
56983.75983882251,-23063.967957829467,16997.734183621233,-236.20973220340517,212.4093205747537,-44.59095649864614
56964.863060246236,-23046.975212183486,16994.166907101342,-237.46501680452616,213.5381231298595,-45.24576299568887
56945.865858901874,-23029.892162333097,16990.547246061687,-237.47069291825815,213.54322732031804,-45.95875501440519
56926.86820346842,-23012.808704147472,16986.870545660535,-237.51718881337615,213.58503830498577,-46.70389804768426
56907.866828363345,-22995.721901083074,16983.13423381672,-237.75193963776536,213.79613571679747,-47.43831749143398
56888.846673192325,-22978.61821022573,16979.339168417406,-237.8744223675627,213.9062771287355,-48.220793820131675
56869.81671940292,-22961.505708055432,16975.481504911797,-238.03184064469409,214.04783399423644,-49.082146406292075
56850.774172151345,-22944.381881335892,16971.554933199295,-239.58986500325383,215.4488723526205,-49.849098306509504
56831.60698295108,-22927.14597154768,16967.567005334775,-240,216.63997343373296,-50.63880819711578
56812.406982951085,-22909.814773672984,16963.515900679005,-240,216.7641483561956,-51.550728315506575
56793.20698295109,-22892.47364180449,16959.391842413766,-240,217.81254961544636,-52.392057913480194
56774.00698295109,-22875.048637835254,16955.200477780687,-240,218.34512897514765,-53.374995441635726
56754.80698295109,-22857.58102751724,16950.930478145357,-240,218.767183258403,-54.22214557839598
56735.606982951096,-22840.07965285657,16946.592706499086,-240,219.90221135102422,-55.001793920322804
56716.4069829511,-22822.48747594849,16942.19256298546,-240,221.35653987474288,-55.652701964521626
56697.2069829511,-22804.77895275851,16937.740346828297,-240,221.4997354690826,-56.295390008462746
56678.006982951105,-22787.058973920983,16933.23671562762,-240,221.7955929822315,-57.04343525730133
56658.80698295111,-22769.315326482403,16928.673240807035,-240,221.8263214280926,-57.700259919239954
56639.60698295111,-22751.569220768157,16924.057220013496,-240,222.6959042066745,-58.24549937862948
56620.40698295111,-22733.75354843162,16919.397580063207,-240,224.14465258192502,-58.686381110846376
56601.20698295112,-22715.821976225066,16914.70266957434,-240,225.1795587296904,-59.183100689661686
56582.00698295112,-22697.807611526692,16909.96802151917,-240,225.8578314760369,-59.773020381212845
56562.80698295112,-22679.73898500861,16905.18617988867,-240,227.3192077900626,-60.315299977151064
56543.606982951125,-22661.553448385406,16900.360955890497,-240,228.92754203551132,-60.759345182029286
56524.40698295113,-22643.239245022567,16895.500208275935,-240,229.98583980785483,-61.242312794249834
56505.20698295113,-22624.84037783794,16890.600823252396,-240,231.43611840887647,-61.68392937358374
56486.006982951134,-22606.32548836523,16885.66610890251,-240,231.74584383584158,-62.18575623739642
56466.80698295114,-22587.785820858364,16880.69124840352,-240,232.74990068850772,-62.579900185624226
56447.60698295114,-22569.165828803285,16875.68485638867,-240,233.4202899326394,-63.02718118663527
56428.40698295114,-22550.492205608673,16870.64268189374,-240,233.81316124533456,-63.557312126358624
56409.206982951146,-22531.787152709046,16865.558096923633,-240,235.04089540779475,-64.24045725281103
56390.00698295115,-22512.983881076423,16860.41886034341,-240,236.40575735066966,-64.80009214050497
56370.80698295115,-22494.07142048837,16855.234852972168,-240,236.80011669402,-65.33831692922917
56351.606982951154,-22475.127411152847,16850.00778761783,-240,237.06483827356033,-65.99658181259551
56332.40698295116,-22456.162224090964,16844.728061072823,-240,237.6039519108095,-66.69739160385733
56313.20698295116,-22437.1539079381,16839.392269744516,-240,238.61017154712928,-67.24531194024406
56294.00698295116,-22418.06509421433,16834.012644789298,-240,239.19983004381686,-67.68018733368311
56274.806982951166,-22398.929107810825,16828.598229802603,-240,240,-68.25571216582264
56255.60698295117,-22379.729107810825,16823.137772829337,-240,240,-68.73569659740427
56236.40698295117,-22360.529107810824,16817.638917101543,-240,240,-69.11511947815177
56217.206982951175,-22341.329107810823,16812.10970754329,-240,240,-69.5013651626652
56198.00698295118,-22322.129107810822,16806.54959833028,-240,240,-69.91290281395392
56178.80698295118,-22302.92910781082,16800.956566105164,-240,240,-70.33911337901021
56159.60698295118,-22283.72910781082,16795.32943703484,-240,240,-70.61440746656133
56140.40698295119,-22264.52910781082,16789.680284437516,-240,240,-70.77888648266891
56121.20698295119,-22245.32910781082,16784.0179735189,-240,240,-70.99480977386939
56102.00698295119,-22226.12910781082,16778.338388736993,-240,240,-71.12435780699371
56082.806982951195,-22206.929107810818,16772.648440112433,-240,240,-71.17589188775942
56063.6069829512,-22187.729107810817,16766.954368761413,-240,240,-71.21558452336166
56044.4069829512,-22168.529107810817,16761.257121999544,-240,240,-71.40585266464613
56025.206982951204,-22149.329107810816,16755.54465378637,-240,240,-71.74560489307706
56006.00698295121,-22130.129107810815,16749.805005394926,-240,240,-72.0529150998138
55986.80698295121,-22110.929107810814,16744.04077218694,-240,240,-72.48659587512095
55967.60698295121,-22091.729107810814,16738.24184451693,-240,240,-72.88002140826501
55948.406982951215,-22072.529107810813,16732.41144280427,-240,240,-73.232595078149
55929.20698295122,-22053.329107810812,16726.552835198017,-240,240,-73.64579597233066
55910.00698295122,-22034.12910781081,16720.66117152023,-240,240,-73.9921136117225
55890.806982951224,-22014.92910781081,16714.741802431294,-240,240,-74.49312821210657
55871.60698295123,-21995.72910781081,16708.782352174327,-240,240,-75.12444995164637
55852.40698295123,-21976.52910781081,16702.772396178196,-240,240,-75.60686585570845
55833.20698295123,-21957.32910781081,16696.72384690974,-240,240,-75.95022960110212
55814.006982951236,-21938.129107810808,16690.647828541652,-240,240,-76.42862348427165
55794.80698295124,-21918.929107810807,16684.533538662912,-240,240,-76.97796788782142
55775.60698295124,-21899.729107810806,16678.375301231885,-240,240,-77.55697856083741
55756.406982951245,-21880.529107810806,16672.17074294702,-240,240,-78.07774707591372
55737.20698295125,-21861.329107810805,16665.924523180947,-240,240,-78.65160027899881
55718.00698295125,-21842.129107810804,16659.632395158627,-240,240,-79.28775077814772
55698.80698295125,-21822.929107810804,16653.289375096374,-240,240,-79.99587961001119
55679.606982951256,-21803.729107810803,16646.88970472757,-240,240,-80.83860709139014
55660.40698295126,-21784.529107810802,16640.42261616026,-240,240,-81.78185070950433
55641.20698295126,-21765.3291078108,16633.8800681035,-240,240,-82.60421762534376
55622.006982951265,-21746.1291078108,16627.271730693472,-240,240,-83.39726530547597
55602.80698295127,-21726.9291078108,16620.599949469033,-240,240,-84.22196050972042
55583.60698295127,-21707.7291078108,16613.862192628254,-240,240,-84.92949840894558
55564.406982951274,-21688.5291078108,16607.06783275554,-240,240,-85.54750416147309
55545.20698295128,-21669.329107810798,16600.224032422622,-240,240,-86.2294959349542
55526.00698295128,-21650.129107810797,16593.325672747826,-240,240,-86.89869096832152
55506.80698295128,-21630.929107810796,16586.37377747036,-240,240,-87.56637253954963
55487.606982951285,-21611.729107810796,16579.368467667195,-240,240,-88.24307115960899
55468.40698295129,-21592.529107810795,16572.309021974426,-240,240,-89.06113171658977
55449.20698295129,-21573.329107810794,16565.184131437098,-240,240,-89.73603584580253
55430.006982951294,-21554.129107810793,16558.005248569432,-240,240,-90.45948870359857
55410.8069829513,-21534.929107810793,16550.768489473143,-240,240,-91.32155015704951
55391.6069829513,-21515.729107810792,16543.46276546058,-240,240,-92.24806457351005
55372.4069829513,-21496.52910781079,16536.0829202947,-240,240,-93.19027774226811
55353.206982951306,-21477.32910781079,16528.627698075317,-240,240,-94.23389611391138
55334.00698295131,-21458.12910781079,16521.088986386203,-240,240,-95.15948586246532
55314.80698295131,-21438.92910781079,16513.476227517207,-240,240,-96.24503297934733
55295.606982951314,-21419.72910781079,16505.776624878858,-240,240,-97.33685646595303
55276.40698295132,-21400.529107810788,16497.98967636158,-240,240,-98.51112844664024
55257.20698295132,-21381.329107810787,16490.10878608585,-240,240,-99.54176312861155
55238.00698295132,-21362.129107810786,16482.14544503556,-240,240,-100.63684613987007
55218.806982951326,-21342.929107810785,16474.09449734437,-240,240,-101.85097390335181
55199.60698295133,-21323.729107810785,16465.9464194321,-240,240,-103.1770360552381
55180.40698295133,-21304.529107810784,16457.69225654768,-240,240,-104.5473120167468
55161.206982951335,-21285.329107810783,16449.32847158634,-240,240,-105.95346000963094
55142.00698295134,-21266.129107810782,16440.85219478557,-240,240,-107.50802796328578
55122.80698295134,-21246.92910781078,16432.251552548507,-240,240,-108.92565787994998
55103.60698295134,-21227.72910781078,16423.53749991811,-240,240,-110.34733210915586
55084.40698295135,-21208.52910781078,16414.709713349377,-240,240,-111.89905539184076
55065.20698295135,-21189.32910781078,16405.75778891803,-240,240,-113.45976875029693
55046.00698295135,-21170.12910781078,16396.681007418003,-240,240,-114.95730386761247
55026.806982951355,-21150.929107810778,16387.484423108595,-240,240,-116.29936752564645
55007.60698295136,-21131.729107810777,16378.180473706543,-240,240,-117.49437928475511
54988.40698295136,-21112.529107810777,16368.780923363764,-240,240,-118.75684402464142
54969.206982951364,-21093.329107810776,16359.280375841792,-240,240,-119.9672521258658
54950.00698295137,-21074.129107810775,16349.682995671723,-240,240,-121.25843378852781
54930.80698295137,-21054.929107810774,16339.98232096864,-240,240,-122.54970083893208
54911.60698295137,-21035.729107810774,16330.178344901526,-240,240,-123.84219586823991
54892.406982951376,-21016.529107810773,16320.270969232066,-240,240,-125.17255325883038
54873.20698295138,-20997.329107810772,16310.257164971359,-240,240,-126.65415966289406
54854.00698295138,-20978.12910781077,16300.124832198328,-240,240,-128.21179376537728
54834.806982951384,-20958.92910781077,16289.867888697097,-240,240,-129.6786070627548
54815.60698295139,-20939.72910781077,16279.493600132077,-240,240,-131.19422838961455
54796.40698295139,-20920.52910781077,16268.998061860908,-240,240,-132.61914317545478
54777.20698295139,-20901.32910781077,16258.388530406872,-240,240,-134.05793910590882
54758.006982951396,-20882.129107810768,16247.6638952784,-240,240,-135.6377365202079
54738.8069829514,-20862.929107810767,16236.812876356784,-240,240,-137.2279218522384
54719.6069829514,-20843.729107810766,16225.834642608605,-240,240,-138.77017344371788
54700.406982951405,-20824.529107810766,16214.733028733108,-240,240,-140.22869629929855
54681.20698295141,-20805.329107810765,16203.514733029164,-240,240,-141.76850135360633
54662.00698295141,-20786.129107810764,16192.173252920875,-240,240,-143.33121944870186
54642.80698295141,-20766.929107810764,16180.70675536498,-240,240,-144.7516907018256
54623.606982951416,-20747.729107810763,16169.126620108833,-240,240,-146.26695279628498
54604.40698295142,-20728.529107810762,16157.42526388513,-240,240,-147.6570611379313
54585.20698295142,-20709.32910781076,16145.612698994097,-240,240,-149.06844481924693
54566.006982951425,-20690.12910781076,16133.687223408557,-240,240,-150.57864473613301
54546.80698295143,-20670.92910781076,16121.640931829666,-240,240,-152.17598946898636
54527.60698295143,-20651.72910781076,16109.466852672147,-240,240,-153.70064167814797
54508.406982951434,-20632.52910781076,16097.170801337896,-240,240,-155.23460439391891
54489.20698295144,-20613.329107810758,16084.752032986382,-240,240,-156.66393400812936
54470.00698295144,-20594.129107810757,16072.218918265731,-240,240,-158.17517902819557
54450.80698295144,-20574.929107810756,16059.564903943476,-240,240,-159.65619737663303
54431.606982951445,-20555.729107810756,16046.792408153346,-240,240,-161.10206190483368
54412.40698295145,-20536.529107810755,16033.90424320096,-240,240,-162.58961992545537
54393.20698295145,-20517.329107810754,16020.897073606922,-240,240,-164.10118722464298
54374.006982951454,-20498.129107810753,16007.76897862895,-240,240,-165.61841189511705
54354.80698295146,-20478.929107810753,15994.519505677341,-240,240,-167.20389934684795
54335.60698295146,-20459.729107810752,15981.143193729593,-240,240,-168.72382497803386
54316.40698295146,-20440.52910781075,15967.64528773135,-240,240,-170.14343612497768
54297.206982951466,-20421.32910781075,15954.033812841351,-240,240,-171.42758730284368
54278.00698295147,-20402.12910781075,15940.319605857125,-240,240,-172.69035020521244
54258.80698295147,-20382.92910781075,15926.504377840707,-240,240,-173.91244551683243
54239.606982951474,-20363.72910781075,15912.59138219936,-240,240,-175.2141795429413
54220.40698295148,-20344.529107810748,15898.574247835924,-240,240,-176.36644256868613
54201.20698295148,-20325.329107810747,15884.46493243043,-240,240,-177.61475004868356
54182.00698295148,-20306.129107810746,15870.255752426536,-240,240,-178.95564456393458
54162.806982951486,-20286.929107810745,15855.93930086142,-240,240,-180.32784589922878
54143.60698295149,-20267.729107810745,15841.513073189482,-240,240,-181.6652712435126
54124.40698295149,-20248.529107810744,15826.979851490001,-240,240,-182.98493795105114
54105.206982951495,-20229.329107810743,15812.341056453917,-240,240,-184.2343926865837
54086.0069829515,-20210.129107810742,15797.60230503899,-240,240,-185.51660408530188
54066.8069829515,-20190.92910781074,15782.760976712167,-240,240,-186.9495209713391
54047.6069829515,-20171.72910781074,15767.805015034459,-240,240,-188.2973372968425
54028.40698295151,-20152.52910781074,15752.74122805071,-240,240,-189.6882495214239
54009.20698295151,-20133.32910781074,15737.566168088997,-240,240,-191.21656489357628
53990.00698295151,-20114.12910781074,15722.26884289751,-240,240,-192.61677575758847
53970.806982951515,-20094.929107810738,15706.859500836903,-240,240,-193.9511739239175
53951.60698295152,-20075.729107810737,15691.34340692299,-240,240,-195.37221006750124
53932.40698295152,-20056.529107810737,15675.713630117589,-240,240,-196.7273782202597
53913.206982951524,-20037.329107810736,15659.975439859967,-240,240,-198.16554214394156
53894.00698295153,-20018.129107810735,15644.122196488452,-240,240,-199.60226210933772
53874.80698295153,-19998.929107810734,15628.154015519705,-240,240,-201.02042437633534
53855.60698295153,-19979.729107810734,15612.072381569598,-240,240,-202.33121692940708
53836.406982951536,-19960.529107810733,15595.885884215246,-240,240,-203.6778564209339
53817.20698295154,-19941.329107810732,15579.591655701572,-240,240,-205.1185502047648
53798.00698295154,-19922.12910781073,15563.18217168519,-240,240,-206.43074668056533
53778.806982951544,-19902.92910781073,15546.667711950744,-240,240,-207.68825874684524
53759.60698295155,-19883.72910781073,15530.052651250997,-240,240,-208.80672956353618
53740.40698295155,-19864.52910781073,15513.348112885915,-240,240,-209.80166231031333
53721.20698295155,-19845.32910781073,15496.56397990109,-240,240,-210.83660851308127
53702.006982951556,-19826.129107810728,15479.697051220042,-240,240,-211.713719313571
53682.80698295156,-19806.929107810727,15462.759953674957,-240,240,-212.61093950000793
53663.60698295156,-19787.729107810726,15445.751078514955,-240,240,-213.41457463645273
53644.406982951565,-19768.529107810726,15428.677912544039,-240,240,-214.2886150093143
53625.20698295157,-19749.329107810725,15411.534823343294,-240,240,-215.06594124766374
53606.00698295157,-19730.129107810724,15394.32954804348,-240,240,-215.8721659440609
53586.80698295157,-19710.929107810724,15377.059774767957,-240,240,-216.80037764972468
53567.606982951576,-19691.729107810723,15359.715744555979,-240,240,-217.6529298335958
53548.40698295158,-19672.529107810722,15342.303510169291,-240,240,-218.43484217081127
53529.20698295158,-19653.32910781072,15324.828722795626,-240,240,-219.26905962825174
53510.006982951585,-19634.12910781072,15307.287198025366,-240,240,-220.22550447944462
53490.80698295159,-19614.92910781072,15289.669157667011,-240,240,-221.308836026406
53471.60698295159,-19595.72910781072,15271.964450784899,-240,240,-222.2934741148627
53452.406982951594,-19576.52910781072,15254.18097285571,-240,240,-223.1601100660565
53433.2069829516,-19557.329107810718,15236.328164050425,-240,240,-224.0006486368715
53414.0069829516,-19538.129107810717,15218.408112159475,-240,240,-224.8994734356137
53394.8069829516,-19518.929107810716,15200.416154284627,-240,240,-225.70766152410397
53375.606982951605,-19499.729107810716,15182.359541362699,-240,240,-226.47687957744154
53356.40698295161,-19480.529107810715,15164.241390996503,-240,240,-227.20086741116484
53337.20698295161,-19461.329107810714,15146.06532160361,-240,240,-228.04085947467945
53318.006982951614,-19442.129107810713,15127.822052845635,-240,240,-228.77858528223558
53298.80698295162,-19422.929107810713,15109.519766023057,-240,240,-229.64160213945203
53279.60698295162,-19403.729107810712,15091.148437851902,-240,240,-230.43166665013453
53260.40698295162,-19384.52910781071,15072.713904519891,-240,240,-231.1453800139062
53241.206982951626,-19365.32910781071,15054.222274118778,-240,240,-232.01491057584872
53222.00698295163,-19346.12910781071,15035.66108127271,-240,240,-232.73685786364734
53202.80698295163,-19326.92910781071,15017.042132643619,-240,240,-233.36033561396698
53183.606982951635,-19307.72910781071,14998.373305794501,-240,240,-233.9691686506674
53164.40698295164,-19288.529107810708,14979.655772302447,-240,240,-234.58829209949724
53145.20698295164,-19269.329107810707,14960.888708934488,-240,240,-235.23983552234824
53126.00698295164,-19250.129107810706,14942.069522092701,-240,240,-235.73326162467941
53106.806982951646,-19230.929107810705,14923.210861162726,-240,240,-236.1903779678964
53087.60698295165,-19211.729107810705,14904.315630925295,-240,240,-236.62326548005944
53068.40698295165,-19192.529107810704,14885.38576968689,-240,240,-236.94169576248925
53049.206982951655,-19173.329107810703,14866.430434025891,-240,240,-237.32344011438653
53030.00698295166,-19154.129107810702,14847.44455881674,-240,240,-237.7175417397419
53010.80698295166,-19134.9291078107,14828.42715547756,-240,240,-238.04664826437934
52991.606982951664,-19115.7291078107,14809.38342361641,-240,240,-238.41777037191807
52972.40698295167,-19096.5291078107,14790.310001986656,-240,240,-238.88167650620684
52953.20698295167,-19077.3291078107,14771.19946786616,-240,240,-239.21962364041983
52934.00698295167,-19058.1291078107,14752.061897974925,-240,240,-239.5991775862297
52914.806982951675,-19038.929107810698,14732.893963768027,-240,240,-239.874075146972
52895.60698295168,-19019.729107810697,14713.70403775627,-240,240,-240
52876.40698295168,-19000.529107810697,14694.50403775627,-240,240,-240
52857.206982951684,-18981.329107810696,14675.304037756268,-240,240,-240
52838.00698295169,-18962.129107810695,14656.104037756268,-240,240,-240
52818.80698295169,-18942.929107810694,14636.904037756267,-240,240,-240
52799.60698295169,-18923.729107810694,14617.704037756266,-240,240,-240
52780.406982951696,-18904.529107810693,14598.504037756265,-240,240,-240
52761.2069829517,-18885.329107810692,14579.304037756265,-240,240,-240
52742.0069829517,-18866.12910781069,14560.104037756264,-240,240,-240
52722.806982951704,-18846.92910781069,14540.904037756263,-240,240,-240
52703.60698295171,-18827.72910781069,14521.704037756263,-240,240,-240
52684.40698295171,-18808.52910781069,14502.504037756262,-240,240,-240
52665.20698295171,-18789.32910781069,14483.304037756261,-240,240,-240
52646.006982951716,-18770.129107810688,14464.10403775626,-240,240,-240
52626.80698295172,-18750.929107810687,14444.90403775626,-240,240,-240
52607.60698295172,-18731.729107810686,14425.704037756259,-240,240,-240
52588.406982951725,-18712.529107810686,14406.504037756258,-240,240,-240
52569.20698295173,-18693.329107810685,14387.304037756257,-240,240,-240
52550.00698295173,-18674.129107810684,14368.104037756257,-240,240,-240
52530.80698295173,-18654.929107810683,14348.904037756256,-240,240,-240
52511.60698295174,-18635.729107810683,14329.704037756255,-240,240,-240
52492.40698295174,-18616.529107810682,14310.504037756255,-240,240,-240
52473.20698295174,-18597.32910781068,14291.304037756254,-240,240,-240
52454.006982951745,-18578.12910781068,14272.104037756253,-240,240,-240
